Workbook

Sheet Start Here
B2: Shared-Services Chargeback Allocator
B3: Companion to "Cloud Cost Allocation as Architecture: Your Bill Is an X-Ray" (Engineering Economics, Part 4)
B5: What this answers
B6: Somebody has to pay for the shared Kafka cluster. How you split it (equally, by usage, or absorb it
B7: centrally) changes how teams behave. This tool shows each team's bill under all three methods side by
B8: side, and the cross-subsidy that 'split equally' quietly creates: how much the light users overpay to
B9: cover the heavy ones.
B11: The three methods (from the article)
B12: - Split equally: divide by number of teams. Simple, predictable, wrong incentive. Light users subsidize
B13: heavy users and nobody has a reason to change.
B14: - Split by usage: meter consumption, charge proportionally. Harder to build, best incentive. The cost of
B15: a design choice lands on the team that made it.
... B34: - Defaults are illustrative. Replace the team rows with your own.

Sheet Chargeback Allocator
B2: Shared-Services Chargeback Allocator
B3: Edit the blue cells: the shared cost, the untaggable %, and each team's usage weight.
B5: SHARED SERVICE INPUTS
B6: Total monthly shared cost ($) | C6: 120000 | E6: e.g. the Kafka cluster, logging pipeline, observability stack.
B7: Untaggable / unallocatable (%) | C7: 0 | E7: Share that resists attribution (article: commonly 20-50%). Spread or absorbed; see below.
B8: Allocatable cost ($) | C8: =$C$6*(1-$C$7)
B12: Team A (light) | C12: 10 | D12: =C12/SUM($C12:C16) | E12: =$C$8/5 | F12: =$C$8*D12 | G12: =E12-F12
B13: Team B (light) | C13: 20 | D13: =C13/SUM($C12:C16) | E13: =$C$8/5 | F13: =$C$8*D13 | G13: =E13-F13
B14: Team C (medium) | C14: 70 | D14: =C14/SUM($C12:C16) | E14: =$C$8/5 | F14: =$C$8*D14 | G14: =E14-F14
B15: Team D (heavy) | C15: 400 | D15: =C15/SUM($C12:C16) | E15: =$C$8/5 | F15: =$C$8*D15 | G15: =E15-F15
B16: Team E (whale) | C16: 1500 | D16: =C16/SUM($C12:C16) | E16: =$C$8/5 | F16: =$C$8*D16 | G16: =E16-F16
B17: TOTAL | C17: =SUM(C12:C16) | D17: =SUM(D12:D16) | E17: =SUM(E12:E16) | F17: =SUM(F12:F16) | G17: =SUM(G12:G16)
B19: Absorb centrally | C19: $0 to every team | E19: (platform team eats the full shared cost; no signal to consumers)
B20: Biggest cross-subsidy | C20: =MAX(G12:G16) | E20: The most a single light team overpays per month under split-equally. That is the hidden tax of the easy method.
B21: Untaggable residual | C21: =$C$6*$C$7 | E21: Cost that can't be attributed and must be absorbed or spread. Raise tag coverage to shrink it.

Sheet Cross-AZ Example
B2: Cross-AZ Transfer: a topology choice becomes a bill
B3: The article's worked example: two chatty services split across availability zones.
B5: INPUTS
B6: Monthly cross-AZ traffic (GB) | C6: 50000 | D6: Data crossing the zone boundary each month (50 TB in the article).
B7: Cross-AZ transfer price ($/GB, round trip) | C7: 0.02 | D7: ~$0.01 each way on AWS; ~$0.02 round trip.
B8: Share of that traffic that could be same-zone (%) | C8: 1 | D8: The hot path you could make zone-local. Article: ~all of it.
B10: RESULTS
B11: Monthly cross-AZ cost ($) | C11: =$C$6*$C$7 | D11: What the topology choice costs today (article: ~$1,000/mo).
B12: Annual cross-AZ cost ($) | C12: =$C$6*$C$7*12
B13: Monthly saving if hot path made zone-local ($) | C13: =$C$6*$C$7*$C$8 | D13: Route the API to a same-zone cache replica; keep cross-AZ for replication only.
B14: Annual saving ($) | C14: =$C$6*$C$7*$C$8*12

Sheet Sensitivity
B2: Sensitivity: usage skew vs. cross-subsidy
B3: The more uneven the usage, the more 'split equally' overcharges the light teams. This shows the effect.
B5: Scenario | C5: Heavy team usage share | D5: Light team overpay under equal split | E5: Read
B6: Even (all 5 teams equal) | C6: 0.2 | D6: ='Chargeback Allocator'!$C$6/5-'Chargeback Allocator'!$C$6*0.2 | E6: =IF(D6<=0,"light team roughly fairly charged","light team overpays $"&TEXT(D6,"#,##0")&"/mo under equal split")
B7: Mild skew | C7: 0.4 | D7: ='Chargeback Allocator'!$C$6/5-'Chargeback Allocator'!$C$6*0.15 | E7: =IF(D7<=0,"light team roughly fairly charged","light team overpays $"&TEXT(D7,"#,##0")&"/mo under equal split")
B8: Moderate skew | C8: 0.6 | D8: ='Chargeback Allocator'!$C$6/5-'Chargeback Allocator'!$C$6*0.1 | E8: =IF(D8<=0,"light team roughly fairly charged","light team overpays $"&TEXT(D8,"#,##0")&"/mo under equal split")
B9: Heavy skew | C9: 0.8 | D9: ='Chargeback Allocator'!$C$6/5-'Chargeback Allocator'!$C$6*0.05 | E9: =IF(D9<=0,"light team roughly fairly charged","light team overpays $"&TEXT(D9,"#,##0")&"/mo under equal split")
B10: Whale dominates | C10: 0.92 | D10: ='Chargeback Allocator'!$C$6/5-'Chargeback Allocator'!$C$6*0.02 | E10: =IF(D10<=0,"light team roughly fairly charged","light team overpays $"&TEXT(D10,"#,##0")&"/mo under equal split")
B12: The more one team dominates usage, the more the easy 'split equally' method taxes everyone else to cover it.
