Workbook

Sheet Start Here
B2: Application Portfolio Review Scorer
B3: Companion to "The Production Portfolio Review" (Engineering Economics, Part 8)
B5: What this is
B6: A portfolio review scores every application the way you would score financial holdings: some appreciate,
B7: some depreciate, and some cost more to hold than they return. For each app you compare its REALIZED annual
B8: value against what it costs to run, then compare that against the ROI the original business case PROMISED.
B9: The scorer turns "we have too many apps" into a value-to-cost ratio per app and a keep / watch / sunset call.
B11: Blue cells are the only inputs. Everything else is a live formula, so change a blue cell and every result
B12: updates. The defaults reproduce the article's illustrative worked example.
B14: The three tabs
B15: 1. Portfolio Scorer - the core model. One editable row per application. Read the value-to-cost ratio, the
B16: cost per active user, the realized-vs-promised gap, and the keep / watch / sunset recommendation for each,
... B35: Replace every blue cell with your own.

Sheet Portfolio Scorer
B2: Portfolio Scorer
B3: Edit the blue cells: one row per application, plus the two threshold inputs. Every other cell is a formula.
B5: THRESHOLDS (edit the blue cells)
B6: Keep if value-to-cost ratio is at or above | C6: 2 | D6: At or above this ratio the app earns its spend: Keep.
B7: Sunset if value-to-cost ratio is below | C7: 1 | D7: Below this ratio the app returns less than it costs to run: Sunset candidate. Between the two = Watch.
B9: Application | C9: Annual run cost ($) | D9: Realized annual value ($) | E9: Active users | F9: Support (tickets/mo) | G9: Promised ROI | H9: Value-to-cost ratio | I9: Cost / active user ($) | J9: Realized vs promised gap | K9: Recommendation
B10: A - Core Billing Platform | C10: 600000 | D10: 2400000 | E10: 1200 | F10: 15 | G10: 3 | H10: =IF(C10=0,"n/a",D10/C10) | I10: =IF(E10=0,"n/a",C10/E10) | J10: =IF(C10=0,"n/a",D10/C10-G10) | K10: =IF(C10=0,"n/a",IF(D10/C10>=$C$6,"Keep",IF(D10/C10<$C$7,"Sunset","Watch")))
B11: B - Customer Analytics Suite | C11: 350000 | D11: 700000 | E11: 450 | F11: 20 | G11: 2.5 | H11: =IF(C11=0,"n/a",D11/C11) | I11: =IF(E11=0,"n/a",C11/E11) | J11: =IF(C11=0,"n/a",D11/C11-G11) | K11: =IF(C11=0,"n/a",IF(D11/C11>=$C$6,"Keep",IF(D11/C11<$C$7,"Sunset","Watch")))
B12: C - Partner Portal | C12: 220000 | D12: 260000 | E12: 180 | F12: 12 | G12: 2 | H12: =IF(C12=0,"n/a",D12/C12) | I12: =IF(E12=0,"n/a",C12/E12) | J12: =IF(C12=0,"n/a",D12/C12-G12) | K12: =IF(C12=0,"n/a",IF(D12/C12>=$C$6,"Keep",IF(D12/C12<$C$7,"Sunset","Watch")))
B13: D - Field Ops Mobile App | C13: 180000 | D13: 150000 | E13: 95 | F13: 25 | G13: 2.2 | H13: =IF(C13=0,"n/a",D13/C13) | I13: =IF(E13=0,"n/a",C13/E13) | J13: =IF(C13=0,"n/a",D13/C13-G13) | K13: =IF(C13=0,"n/a",IF(D13/C13>=$C$6,"Keep",IF(D13/C13<$C$7,"Sunset","Watch")))
B14: E - Legacy Reporting Engine (the $400K app) | C14: 400000 | D14: 50000 | E14: 30 | F14: 40 | G14: 4 | H14: =IF(C14=0,"n/a",D14/C14) | I14: =IF(E14=0,"n/a",C14/E14) | J14: =IF(C14=0,"n/a",D14/C14-G14) | K14: =IF(C14=0,"n/a",IF(D14/C14>=$C$6,"Keep",IF(D14/C14<$C$7,"Sunset","Watch")))
B15: F - Internal Wiki / Knowledge Base | C15: 90000 | D15: 120000 | E15: 800 | F15: 3 | G15: 1.5 | H15: =IF(C15=0,"n/a",D15/C15) | I15: =IF(E15=0,"n/a",C15/E15) | J15: =IF(C15=0,"n/a",D15/C15-G15) | K15: =IF(C15=0,"n/a",IF(D15/C15>=$C$6,"Keep",IF(D15/C15<$C$7,"Sunset","Watch")))
B16: PORTFOLIO TOTAL | C16: =SUM(C10:C15) | D16: =SUM(D10:D15) | E16: =SUM(E10:E15) | H16: =IF(C16=0,"n/a",D16/C16) | K16: (blended)
B18: CATEGORY COUNTS (formulas vs. the thresholds)
B19: Apps in Keep | C19: =COUNTIF(K10:K15,"Keep")
B20: Apps in Watch | C20: =COUNTIF(K10:K15,"Watch")
B21: Apps in Sunset | C21: =COUNTIF(K10:K15,"Sunset")
B23: RECOVERABLE SPEND - SUNSET THE BOTTOM QUARTILE
B24: The bottom quartile = the lowest-ranked 25% of apps by value-to-cost ratio. With 6 apps that rounds to the 2 worst.
B25: Number of apps in the bottom quartile | C25: =MAX(1,ROUND(COUNT(H10:H15)*0.25,0)) | D25: ROUND(app count x 25%, 0), at least 1. With 6 apps this is 2 (apps D and E).
B26: Value-to-cost ratio cutoff (quartile boundary) | C26: =SMALL(H10:H15,$C$25) | D26: The Nth-smallest ratio. Apps at or below this ratio are the bottom-quartile sunset set.
B27: Gross run cost recoverable ($/yr) | C27: =SUMIF(H10:H15,"<="&$C$26,C10:C15) | D27: Total annual run cost of the bottom-quartile apps. Default: $180K + $400K = $580K.
B28: Realized value forgone ($/yr) | C28: =SUMIF(H10:H15,"<="&$C$26,D10:D15) | D28: The realized value you give up by sunsetting those apps. Default: $150K + $50K = $200K.
B29: Net annual recoverable spend ($/yr) | C29: =$C$27-$C$28 | D29: Gross run cost recovered minus value forgone. Default: $580K - $200K = $380K.
B31: THE SINGLE WORST APP (lowest ratio)
B32: Run cost recovered by sunsetting it ($/yr) | C32: =SUMIF(H10:H15,SMALL(H10:H15,1),C10:C15) | D32: Run cost of the lowest-ratio app. Default: the $400K Legacy Reporting Engine.
B33: Value forgone by sunsetting it ($/yr) | C33: =SUMIF(H10:H15,SMALL(H10:H15,1),D10:D15) | D33: Realized value of that app. Default: $50K.
B34: Net recovered by sunsetting it ($/yr) | C34: =C32-C33 | D34: Default: $400K - $50K = $350K returned to the portfolio from one app.
B36: These defaults are illustrative, from the article. Replace every blue cell with your own portfolio.

Sheet Sensitivity
B2: Sensitivity: the keep / sunset threshold
B3: The keep/sunset line is the number you are least sure of. This sweeps the Sunset threshold and shows how many apps fall into each bucket and how much spend becomes recoverable at each step.
B5: Sunset threshold | C5: Apps Sunset (ratio < threshold) | D5: Apps Keep (ratio >= Keep line) | E5: Apps Watch (between) | F5: Gross recoverable ($) | G5: Net recoverable ($)
B6: 0.5 | C6: =COUNTIF('Portfolio Scorer'!H10:H15,"<"&B6) | D6: =COUNTIF('Portfolio Scorer'!H10:H15,">="&'Portfolio Scorer'!$C$6) | E6: =COUNT('Portfolio Scorer'!H10:H15)-C6-D6 | F6: =SUMIF('Portfolio Scorer'!H10:H15,"<"&B6,'Portfolio Scorer'!C10:C15) | G6: =SUMIF('Portfolio Scorer'!H10:H15,"<"&B6,'Portfolio Scorer'!C10:C15)-SUMIF('Portfolio Scorer'!H10:H15,"<"&B6,'Portfolio Scorer'!D10:D15)
B7: 0.75 | C7: =COUNTIF('Portfolio Scorer'!H10:H15,"<"&B7) | D7: =COUNTIF('Portfolio Scorer'!H10:H15,">="&'Portfolio Scorer'!$C$6) | E7: =COUNT('Portfolio Scorer'!H10:H15)-C7-D7 | F7: =SUMIF('Portfolio Scorer'!H10:H15,"<"&B7,'Portfolio Scorer'!C10:C15) | G7: =SUMIF('Portfolio Scorer'!H10:H15,"<"&B7,'Portfolio Scorer'!C10:C15)-SUMIF('Portfolio Scorer'!H10:H15,"<"&B7,'Portfolio Scorer'!D10:D15)
B8: 1 | C8: =COUNTIF('Portfolio Scorer'!H10:H15,"<"&B8) | D8: =COUNTIF('Portfolio Scorer'!H10:H15,">="&'Portfolio Scorer'!$C$6) | E8: =COUNT('Portfolio Scorer'!H10:H15)-C8-D8 | F8: =SUMIF('Portfolio Scorer'!H10:H15,"<"&B8,'Portfolio Scorer'!C10:C15) | G8: =SUMIF('Portfolio Scorer'!H10:H15,"<"&B8,'Portfolio Scorer'!C10:C15)-SUMIF('Portfolio Scorer'!H10:H15,"<"&B8,'Portfolio Scorer'!D10:D15)
B9: 1.25 | C9: =COUNTIF('Portfolio Scorer'!H10:H15,"<"&B9) | D9: =COUNTIF('Portfolio Scorer'!H10:H15,">="&'Portfolio Scorer'!$C$6) | E9: =COUNT('Portfolio Scorer'!H10:H15)-C9-D9 | F9: =SUMIF('Portfolio Scorer'!H10:H15,"<"&B9,'Portfolio Scorer'!C10:C15) | G9: =SUMIF('Portfolio Scorer'!H10:H15,"<"&B9,'Portfolio Scorer'!C10:C15)-SUMIF('Portfolio Scorer'!H10:H15,"<"&B9,'Portfolio Scorer'!D10:D15)
B10: 1.5 | C10: =COUNTIF('Portfolio Scorer'!H10:H15,"<"&B10) | D10: =COUNTIF('Portfolio Scorer'!H10:H15,">="&'Portfolio Scorer'!$C$6) | E10: =COUNT('Portfolio Scorer'!H10:H15)-C10-D10 | F10: =SUMIF('Portfolio Scorer'!H10:H15,"<"&B10,'Portfolio Scorer'!C10:C15) | G10: =SUMIF('Portfolio Scorer'!H10:H15,"<"&B10,'Portfolio Scorer'!C10:C15)-SUMIF('Portfolio Scorer'!H10:H15,"<"&B10,'Portfolio Scorer'!D10:D15)
B11: 2 | C11: =COUNTIF('Portfolio Scorer'!H10:H15,"<"&B11) | D11: =COUNTIF('Portfolio Scorer'!H10:H15,">="&'Portfolio Scorer'!$C$6) | E11: =COUNT('Portfolio Scorer'!H10:H15)-C11-D11 | F11: =SUMIF('Portfolio Scorer'!H10:H15,"<"&B11,'Portfolio Scorer'!C10:C15) | G11: =SUMIF('Portfolio Scorer'!H10:H15,"<"&B11,'Portfolio Scorer'!C10:C15)-SUMIF('Portfolio Scorer'!H10:H15,"<"&B11,'Portfolio Scorer'!D10:D15)
B13: Watch the Sunset count climb as the threshold rises. The 1.00x row is the article default: 2 apps (D and E) fall below, $580K gross / $380K net recoverable.
B14: If the recommendation set barely changes across the range, trust the call. If apps flip in and out at every step, the threshold is doing the deciding, so set it deliberately.
